{
     "bm25": {
          "train": 0.18733333333333332,
          "test": 0.18
     },
     "ms_marco_minilm": {
          "train": 0.3546666666666667,
          "test": 0.3516
     },
     "uae": {
          "train": 0.5766666666666667,
          "test": 0.5724
     }
}