{
     "bm25": {
          "train": 0.3506666666666667,
          "test": 0.3344
     },
     "ms_marco_minilm": {
          "train": 0.5946666666666667,
          "test": 0.5876
     },
     "uae": {
          "train": 0.8213333333333334,
          "test": 0.8138
     }
}